Domain,Status,Attractiveness,Demand,Length,Sectors,Created,Expires,Registrar
one.shopping,available,132,44%,3,"Business,General,Media,Technology",,,
brief.shopping,available,124,19%,5,"Business,Education,General,Law",,,
complete.shopping,available,120,21%,8,"Manufacturing,Retail,Technology",,,
tenth.shopping,available,116,7%,5,Mathematics,,,
equal.shopping,available,116,19%,5,"Education,General,Law",,,
flat.shopping,available,116,24%,4,"Construction,Real Estate",,,
tonic.shopping,available,114,22%,5,"Health and Fitness,Medicine,Science",,,
above.shopping,available,112,22%,5,Business,,,
zero.shopping,available,112,49%,4,Mathematics,,,
hotshot.shopping,available,112,14%,7,"Business,Entertainment,Sports",,,
acute.shopping,available,112,9%,5,"Mathematics,Medicine,Science",,,
abstract.shopping,available,108,29%,8,"Arts,Humanities,Science",,,
abiding.shopping,available,106,5%,7,"General,Religion",,,
active.shopping,resell,104,27%,6,"Health and Fitness,Sports,Travel",16/07/2025 21:32,16/07/2026 21:32,"Sav.com, LLC"
teen.shopping,available,104,14%,4,"Education,Entertainment,Healthcare",,,
expert.shopping,available,104,26%,6,"Business,Education,Technology",,,
eight.shopping,available,102,23%,5,"General,Mathematics",,,
extra.shopping,available,102,26%,5,"Fashion,Retail,Technology",,,
absent.shopping,available,102,8%,6,"Business,Education,Technology",,,
captive.shopping,available,102,14%,7,"Entertainment,Hospitality,Technology",,,
abrupt.shopping,available,100,3%,6,"Medicine,Science",,,
remove.shopping,available,100,13%,6,"Construction,Manufacturing,Technology",,,
whiz.shopping,available,100,12%,4,"Business,Education,Technology",,,
sixth.shopping,available,100,8%,5,Mathematics,,,
adjunct.shopping,available,100,5%,7,Education,,,
eighth.shopping,available,100,6%,6,Mathematics,,,
third.shopping,available,100,16%,5,Mathematics,,,
ninth.shopping,available,100,9%,5,Mathematics,,,
whizz.shopping,available,98,11%,5,"Business,Education,Technology",,,
academic.shopping,available,96,20%,8,"Education,Humanities,Science",,,
actual.shopping,available,96,22%,6,"Real Estate,Retail,Technology",,,
alamode.shopping,available,96,12%,9,Fashion,,,
forgiving.shopping,available,96,3%,9,"Healthcare,Religion",,,
doable.shopping,available,96,9%,6,"Business,Education,Technology",,,
around.shopping,available,94,22%,6,"Business,General,Media,Technology",,,
adequate.shopping,available,94,9%,8,"Education,Healthcare,Technology",,,
abject.shopping,available,94,7%,6,Humanities,,,
about.shopping,expiring,94,28%,5,"Business,General,Media,Technology",28/08/2021 23:38,28/08/2025 23:38,Porkbun LLC
virtuoso.shopping,available,94,16%,8,"Arts,Entertainment",,,
exemplary.shopping,available,92,5%,9,"Business,Education,Healthcare",,,
abroad.shopping,available,92,12%,6,"Hospitality,Travel",,,
twentieth.shopping,available,92,3%,9,Mathematics,,,
derelict.shopping,available,92,7%,8,"Construction,Real Estate",,,
neutral.shopping,available,92,20%,7,"Business,Media,Politics",,,
nought.shopping,available,92,4%,6,Mathematics,,,
adept.shopping,available,92,24%,5,"Education,Health and Fitness,Sports",,,
adjective.shopping,available,92,5%,9,Education,,,
endearing.shopping,available,90,1%,9,"Entertainment,Fashion,Retail",,,
clear.shopping,resell,90,47%,5,"Manufacturing,Retail,Technology",09/02/2025 15:15,09/02/2026 15:15,Domain Science Kutatási Szolgáltató Korlátolt Felelősségű Társaság
adoring.shopping,available,90,2%,7,"Entertainment,Fashion,Retail",,,
additional.shopping,available,90,8%,10,"Fashion,Retail,Technology",,,
gripping.shopping,available,90,3%,8,"Entertainment,Media,Technology",,,
abortive.shopping,available,90,1%,8,"Medicine,Science",,,
addictive.shopping,available,90,9%,9,Healthcare,,,
riveting.shopping,available,90,6%,8,"Entertainment,Media,Technology",,,
leash.shopping,available,90,7%,5,"General,Health and Fitness,Retail",,,
hundred.shopping,available,88,14%,7,Mathematics,,,
twelve.shopping,available,88,18%,6,"General,Mathematics",,,
fifteen.shopping,available,88,13%,7,Mathematics,,,
eleven.shopping,available,88,33%,6,Mathematics,,,
actionable.shopping,available,88,13%,10,"Business,Law",,,
three.shopping,available,88,24%,5,Mathematics,,,
adlib.shopping,available,88,7%,6,Entertainment,,,
ten.shopping,available,88,28%,3,"General,Mathematics",,,
proficient.shopping,available,88,8%,10,"Education,Health and Fitness,Sports",,,
activist.shopping,available,88,12%,8,"Humanities,Politics",,,
sixteen.shopping,available,88,11%,7,Mathematics,,,
ace.shopping,available,88,34%,3,Sports,,,
wide.shopping,available,88,18%,4,"Business,Media,Technology",,,
attendant.shopping,available,86,5%,9,"Healthcare,Hospitality,Transportation",,,
extempore.shopping,available,86,3%,9,Entertainment,,,
cipher.shopping,available,86,29%,6,Mathematics,,,
xiv.shopping,available,86,12%,3,Mathematics,,,
recondite.shopping,available,86,4%,9,"Arts,Humanities,Science",,,
intent.shopping,available,86,25%,6,"Business,Education,Technology",,,
xix.shopping,available,86,11%,3,Mathematics,,,
engrossing.shopping,available,86,0%,10,"Entertainment,Media,Technology",,,
aboriginal.shopping,available,86,10%,10,Humanities,,,
adolescent.shopping,available,86,3%,10,"Education,Entertainment,Healthcare",,,
thirteen.shopping,available,84,10%,8,Mathematics,,,
twentytwo.shopping,available,84,11%,10,Mathematics,,,
adjustable.shopping,available,84,3%,10,"Manufacturing,Retail,Technology",,,
fourteen.shopping,available,84,8%,8,Mathematics,,,
thousand.shopping,available,84,8%,8,Mathematics,,,
acting.shopping,available,84,12%,6,Entertainment,,,
grand.shopping,available,84,25%,5,"Finance,General",,,
twentyone.shopping,available,84,13%,10,Mathematics,,,
seventeen.shopping,available,84,7%,9,Mathematics,,,
deviate.shopping,available,84,12%,7,"Medicine,Science",,,
nineteen.shopping,available,84,8%,8,Mathematics,,,
accessory.shopping,available,84,8%,9,"Fashion,Retail,Technology",,,
sharp.shopping,available,84,34%,5,"Arts,Fashion",,,
abdominal.shopping,available,82,1%,9,"Health and Fitness,Medicine",,,
decade.shopping,available,82,10%,6,Mathematics,,,
fivesome.shopping,available,82,1%,8,Sports,,,
cleansing.shopping,available,82,3%,9,Health and Fitness,,,
impromptu.shopping,available,82,16%,9,Entertainment,,,
absorbent.shopping,available,82,3%,9,"Healthcare,Manufacturing,Retail",,,
abenaki.shopping,available,82,2%,7,Geography,,,
good.shopping,available,82,47%,4,"Food and Beverage,General,Health and Fitness,Retail",,,
altered.shopping,available,82,9%,7,"Medicine,Science",,,
abroach.shopping,available,82,1%,7,Food and Beverage,,,
enduring.shopping,available,82,9%,8,"Health and Fitness,Religion",,,
dozen.shopping,available,82,10%,5,Mathematics,,,
abkhaz.shopping,available,82,1%,6,Geography,,,
seventh.shopping,available,80,10%,7,Mathematics,,,
twenty.shopping,available,80,12%,6,Mathematics,,,
abundant.shopping,available,80,19%,8,"Agriculture,Manufacturing,Retail",,,
worshipful.shopping,available,80,1%,10,"Education,Healthcare,Religion",,,
absolute.shopping,available,80,25%,8,"Engineering,Mathematics,Science",,,
dorsal.shopping,available,80,6%,6,"Medicine,Science",,,
trio.shopping,available,80,21%,4,Entertainment,,,
capable.shopping,available,80,12%,7,"Business,Education,Technology",,,
sequent.shopping,available,80,7%,7,"Healthcare,Insurance,Transportation",,,
forty.shopping,available,80,9%,5,Mathematics,,,
superstar.shopping,available,80,18%,9,Entertainment,,,
first.shopping,resell,80,36%,5,"General,Mathematics",20/11/2022 15:15,20/11/2025 15:15,"Chengdu West Dimension Digital Technology Co., Ltd."
adoptable.shopping,available,80,3%,9,"Education,Healthcare",,,
absurd.shopping,available,80,16%,6,"Arts,Entertainment,Media",,,
two.shopping,available,80,24%,3,Mathematics,,,
yard.shopping,available,80,26%,4,"Construction,General",,,
able.shopping,available,80,29%,4,"Business,Education,General,Technology",,,
absorbable.shopping,available,80,0%,10,"Healthcare,Pharmaceuticals,Science",,,
adjacent.shopping,available,78,9%,8,"Construction,Real Estate,Retail",,,
abounding.shopping,available,78,2%,9,Agriculture,,,
abkhasian.shopping,available,78,1%,9,Geography,,,
accidental.shopping,available,78,11%,10,"Healthcare,Insurance,Transportation",,,
low.shopping,available,78,20%,3,"Business,Finance",,,
accurate.shopping,available,78,16%,8,"Engineering,Mathematics,Science",,,
athletic.shopping,available,78,15%,8,"Health and Fitness,Sports",,,
acceptable.shopping,available,78,5%,10,"Business,Hospitality,Retail",,,
twentysix.shopping,available,78,8%,10,Mathematics,,,
recognised.shopping,available,78,3%,10,"Business,Education,Technology",,,
adorable.shopping,available,78,8%,8,"Entertainment,Fashion,Retail",,,
recognized.shopping,available,78,3%,10,"Business,Education,Technology",,,
abkhazian.shopping,available,78,1%,9,Geography,,,
honestly.shopping,available,78,9%,8,"Business,Law",,,
dormant.shopping,available,78,4%,7,"Medicine,Science",,,
sixtynine.shopping,available,78,8%,10,Mathematics,,,
acceptant.shopping,available,78,1%,9,"Education,Healthcare",,,
adrenal.shopping,available,78,4%,7,"Education,Healthcare,Science",,,
accepted.shopping,available,78,6%,8,"Business,Education,Technology",,,
absorptive.shopping,available,78,1%,10,"Healthcare,Manufacturing,Retail",,,
accessible.shopping,available,78,21%,10,"Healthcare,Retail,Technology",,,
threed.shopping,available,76,7%,7,Technology,,,
auxiliary.shopping,available,76,7%,9,"Healthcare,Manufacturing,Technology",,,
adaptive.shopping,available,76,28%,8,"Business,Education,Technology",,,
ancillary.shopping,available,76,6%,9,"Healthcare,Manufacturing,Technology",,,
acoustic.shopping,available,76,14%,8,Science,,,
thousandth.shopping,available,76,1%,10,Mathematics,,,
addable.shopping,available,76,2%,7,"Engineering,Mathematics,Science",,,
ague.shopping,available,76,2%,4,"Geography,Medicine,Science",,,
nineteenth.shopping,available,76,3%,10,Mathematics,,,
incidental.shopping,available,76,4%,10,"Healthcare,Insurance,Transportation",,,
thirteenth.shopping,available,76,4%,10,Mathematics,,,
ventral.shopping,available,76,3%,7,Science,,,
energizing.shopping,available,76,3%,10,"Food and Beverage,Health and Fitness,Travel",,,
resultant.shopping,available,76,2%,9,"Healthcare,Insurance,Transportation",,,
adhesive.shopping,available,76,7%,8,"Construction,Manufacturing,Technology",,,
abrasive.shopping,available,76,6%,8,"Construction,Manufacturing",,,
improvise.shopping,available,76,4%,9,Entertainment,,,
hundredth.shopping,available,76,1%,9,Mathematics,,,
adipose.shopping,available,76,2%,7,"Healthcare,Science",,,
adaptable.shopping,available,76,9%,9,"Business,Education,Technology",,,
fourteenth.shopping,available,76,1%,10,Mathematics,,,
eighteen.shopping,available,76,7%,8,Mathematics,,,
firstrate.shopping,available,76,6%,10,Business,,,
fifteenth.shopping,available,76,2%,9,Mathematics,,,
obscene.shopping,available,76,5%,7,"Entertainment,Media",,,
adherent.shopping,available,76,4%,8,"Politics,Religion",,,
playing.shopping,available,74,12%,7,Entertainment,,,
realizable.shopping,available,74,1%,10,"Business,Education,Technology",,,
achievable.shopping,available,74,4%,10,"Business,Education,Technology",,,
admirable.shopping,available,74,5%,9,"Business,Education,Healthcare",,,
single.shopping,available,74,19%,6,Sports,,,
manageable.shopping,available,74,4%,10,"Business,Education,Technology",,,
cleared.shopping,available,74,7%,7,"Healthcare,Law,Transportation",,,
skilful.shopping,available,74,3%,7,"Education,Health and Fitness,Sports",,,
acuate.shopping,available,74,2%,6,"Engineering,Medicine,Science",,,
accepting.shopping,available,74,3%,9,"Education,Healthcare",,,
adrenergic.shopping,available,74,1%,10,"Education,Healthcare,Science",,,
adapted.shopping,available,74,6%,7,"Healthcare,Manufacturing,Technology",,,
mavin.shopping,available,74,7%,5,"Entertainment,Fashion,Technology",,,
abnormal.shopping,available,74,16%,8,"Medicine,Science",,,
broad.shopping,available,74,13%,5,"Entertainment,General,Media",,,
activated.shopping,available,74,9%,9,"Healthcare,Manufacturing,Technology",,,
adenoid.shopping,available,74,1%,7,"Health and Fitness,Medicine,Science",,,
aberrant.shopping,available,74,6%,8,"Medicine,Science",,,
supra.shopping,available,74,25%,5,"Medicine,Science",,,
adamant.shopping,available,74,14%,7,Religion,,,
lovely.shopping,available,72,26%,6,"Entertainment,Fashion,Retail",,,
addicted.shopping,available,72,9%,8,Healthcare,,,
abreast.shopping,available,72,2%,7,"Business,Technology",,,
liv.shopping,available,72,27%,3,Mathematics,,,
adiabatic.shopping,available,72,3%,9,"Engineering,Science",,,
ninetieth.shopping,available,72,1%,9,Mathematics,,,
absorbed.shopping,available,72,2%,8,"Entertainment,Media,Technology",,,
accustomed.shopping,available,72,1%,10,"Business,Education,Humanities",,,
existent.shopping,available,72,3%,8,"Mathematics,Science",,,
sixtieth.shopping,available,72,1%,8,Mathematics,,,
adjunctive.shopping,available,72,1%,10,"Healthcare,Manufacturing,Technology",,,
absolutist.shopping,available,72,1%,10,"Humanities,Law,Politics",,,
adaptative.shopping,available,72,1%,10,"Business,Education,Technology",,,
ablaze.shopping,available,72,6%,6,Entertainment,,,
accusative.shopping,available,72,0%,10,"Humanities,Law",,,
engrossed.shopping,available,72,1%,9,"Entertainment,Media,Technology",,,
trinity.shopping,available,72,18%,7,Religion,,,
ternary.shopping,available,72,7%,7,Mathematics,,,
deep.shopping,resell,72,41%,4,"Engineering,Mathematics,Science",15/04/2025 15:15,15/04/2026 15:15,"Xiamen ChinaSource Internet Service Co., Ltd"
trey.shopping,available,72,14%,4,Sports,,,
adonic.shopping,available,72,2%,6,"Arts,Education,Entertainment",,,
seventieth.shopping,available,72,1%,10,Mathematics,,,
aching.shopping,available,72,4%,6,Healthcare,,,
eightieth.shopping,available,72,1%,9,Mathematics,,,
adjectival.shopping,available,72,1%,10,Education,,,
abloom.shopping,available,72,5%,6,Agriculture,,,
improvize.shopping,available,72,1%,9,Entertainment,,,
admired.shopping,available,70,5%,7,"Business,Education,Healthcare",,,
unity.shopping,available,70,40%,5,Mathematics,,,
accumbent.shopping,available,70,1%,9,"Healthcare,Medicine,Science",,,
practiced.shopping,available,70,3%,9,"Education,Health and Fitness,Sports",,,
tiptop.shopping,available,70,24%,6,Fashion,,,
lowdown.shopping,available,70,6%,8,"Entertainment,Media",,,
skillful.shopping,available,70,9%,8,"Education,Health and Fitness,Sports",,,
gymnastic.shopping,available,70,3%,9,"Entertainment,Sports",,,
adamantine.shopping,available,70,4%,10,Religion,,,
abulic.shopping,available,70,1%,6,Medicine,,,
adored.shopping,available,70,6%,6,"Entertainment,Fashion,Retail",,,
offhand.shopping,available,70,2%,7,Entertainment,,,
absorbing.shopping,available,70,3%,9,"Entertainment,Media,Technology",,,
adjusted.shopping,available,70,5%,8,"Manufacturing,Retail,Technology",,,
recumbent.shopping,available,70,2%,9,"Healthcare,Medicine,Science",,,
acuminate.shopping,available,70,1%,9,"Engineering,Medicine,Science",,,
stillborn.shopping,available,70,2%,9,"Medicine,Science",,,
abradant.shopping,available,70,1%,8,"Construction,Manufacturing",,,
miserable.shopping,available,70,4%,9,Humanities,,,
consequent.shopping,available,70,3%,10,"Business,Education,General,Technology",,,
thirtieth.shopping,available,68,1%,9,Mathematics,,,
aculeate.shopping,available,68,1%,8,"Engineering,Medicine,Science",,,
decorated.shopping,available,68,3%,9,"Entertainment,Fashion,Retail",,,
abducent.shopping,available,68,0%,8,Medicine,,,
achaean.shopping,available,68,2%,7,Humanities,,,
ablative.shopping,available,68,3%,8,Science,,,
abnaki.shopping,available,68,1%,6,Geography,,,
vindicated.shopping,available,68,2%,10,"Humanities,Law,Politics",,,
licenced.shopping,available,68,2%,8,"Business,Healthcare,Insurance",,,
abkhas.shopping,available,68,0%,6,Geography,,,
octonary.shopping,available,68,1%,8,Mathematics,,,
achaian.shopping,available,68,2%,7,Humanities,,,
stygian.shopping,available,68,5%,7,Humanities,,,
ennead.shopping,available,68,5%,6,Mathematics,,,
acerate.shopping,available,68,1%,7,Science,,,
septenary.shopping,available,68,1%,9,Mathematics,,,
aberdonian.shopping,available,68,1%,10,Geography,,,
threesome.shopping,available,68,5%,9,Entertainment,,,
accredited.shopping,available,68,9%,10,"Business,Education,Healthcare",,,
sevener.shopping,available,68,1%,7,Mathematics,,,
aroused.shopping,available,68,3%,7,"Entertainment,Health and Fitness",,,
foursome.shopping,available,68,4%,8,Sports,,,
scurvy.shopping,available,68,3%,6,Humanities,,,
ane.shopping,available,68,12%,3,Mathematics,,,
fiftieth.shopping,available,68,0%,8,Mathematics,,,
activating.shopping,available,68,3%,10,"Healthcare,Manufacturing,Technology",,,
licensed.shopping,available,68,5%,8,"Business,Healthcare,Insurance",,,
disciple.shopping,available,68,14%,8,"Education,Religion",,,
fortieth.shopping,available,68,0%,8,Mathematics,,,
fifty.shopping,available,66,12%,5,Mathematics,,,
onec.shopping,available,66,6%,5,Mathematics,,,
performing.shopping,available,66,6%,10,Entertainment,,,
five.shopping,expired,66,26%,4,Mathematics,10/06/2024 01:35,10/06/2025 01:35,Porkbun LLC
exonerated.shopping,available,66,2%,10,"Humanities,Law,Politics",,,
modish.shopping,available,66,5%,6,Fashion,,,
buzzing.shopping,available,66,7%,7,"Entertainment,Media,Technology",,,
abstinent.shopping,available,66,1%,9,"Health and Fitness,Religion",,,
xviii.shopping,available,66,5%,5,Mathematics,,,
accessary.shopping,available,66,1%,9,"Business,Law,Technology",,,
clv.shopping,available,66,10%,3,Mathematics,,,
tenner.shopping,available,66,5%,6,Finance,,,
xiii.shopping,available,66,9%,4,Mathematics,,,
xvii.shopping,available,66,5%,4,Mathematics,,,
adorned.shopping,available,66,5%,7,"Entertainment,Fashion,Retail",,,
latest.shopping,available,66,18%,6,Technology,,,
acrobatic.shopping,available,66,4%,9,"Entertainment,Sports",,,
deuce.shopping,available,66,9%,5,Sports,,,
xxvi.shopping,available,66,3%,4,Mathematics,,,
century.shopping,available,66,17%,7,Education,,,
acervate.shopping,available,66,1%,8,Science,,,
eighty.shopping,available,66,6%,6,Mathematics,,,
maven.shopping,available,66,30%,5,"Entertainment,Fashion,Technology",,,
xii.shopping,available,66,10%,3,Mathematics,,,
xvi.shopping,available,66,5%,3,Mathematics,,,
according.shopping,available,66,3%,9,"Business,Education,Technology",,,
xxv.shopping,available,66,6%,3,Mathematics,,,
ninety.shopping,available,66,11%,6,Mathematics,,,
xxii.shopping,available,66,6%,4,Mathematics,,,
teenager.shopping,available,66,4%,8,"Education,Entertainment,Healthcare",,,
sextet.shopping,available,66,1%,6,Entertainment,,,
thirty.shopping,available,66,8%,6,Mathematics,,,
xxi.shopping,available,66,10%,3,Mathematics,,,
adopted.shopping,available,66,4%,7,"Education,Healthcare",,,
four.shopping,available,66,27%,4,Mathematics,,,
acentric.shopping,available,64,2%,8,Science,,,
astringent.shopping,available,64,1%,10,"Healthcare,Pharmaceuticals",,,
accordant.shopping,available,64,3%,9,"Arts,Entertainment",,,
nondrinker.shopping,available,64,1%,10,"Health and Fitness,Religion",,,
aflame.shopping,available,64,3%,6,Entertainment,,,
deviant.shopping,available,64,12%,7,"Medicine,Science",,,
ccc.shopping,available,64,38%,3,Mathematics,,,
absolved.shopping,available,64,1%,8,"Humanities,Law,Religion",,,
adagio.shopping,available,64,14%,6,Entertainment,,,
rising.shopping,available,64,18%,6,"Construction,Manufacturing,Real Estate",,,
scatty.shopping,available,64,1%,6,"Arts,Entertainment,Media",,,
roughly.shopping,available,62,3%,7,"Business,Media,Technology",,,
orso.shopping,available,62,9%,5,"Business,Media,Technology",,,
activation.shopping,available,62,16%,10,"Healthcare,Manufacturing,Technology",,,
playacting.shopping,available,62,1%,10,Entertainment,,,
sixteenth.shopping,available,62,1%,9,Mathematics,,,
exculpated.shopping,available,62,1%,10,"Humanities,Law,Politics",,,
wrapped.shopping,available,62,13%,7,"Fashion,Hospitality,Retail",,,
fortyfour.shopping,available,62,6%,10,Mathematics,,,
aborigine.shopping,available,62,1%,9,Humanities,,,
pungent.shopping,available,62,1%,7,Food and Beverage,,,
cumulative.shopping,available,62,2%,10,"Banking,Finance,Insurance",,,
abo.shopping,available,62,15%,3,Science,,,
chiliad.shopping,available,62,2%,7,Mathematics,,,
twodozen.shopping,available,62,1%,9,Mathematics,,,
accrued.shopping,available,62,2%,7,"Banking,Finance,Insurance",,,
ensuant.shopping,available,62,1%,7,"Healthcare,Insurance,Transportation",,,
longdozen.shopping,available,62,2%,10,Mathematics,,,
quartet.shopping,available,62,7%,7,"Arts,Entertainment",,,
activistic.shopping,available,62,1%,10,"Humanities,Politics",,,
eleventh.shopping,available,62,5%,8,Mathematics,,,
aufait.shopping,available,62,3%,7,"Fashion,Media",,,
adjuvant.shopping,available,62,5%,8,"Healthcare,Manufacturing,Technology",,,
admissible.shopping,available,62,1%,10,"Education,Healthcare,Law",,,
accusing.shopping,available,62,1%,8,Law,,,
adoptive.shopping,available,62,1%,8,"Education,Healthcare",,,
acidic.shopping,available,62,5%,6,"Food and Beverage,Science",,,
eighteenth.shopping,available,62,1%,10,Mathematics,,,
annexal.shopping,available,60,1%,7,"Agriculture,Manufacturing,Retail",,,
cxxx.shopping,available,60,4%,4,Mathematics,,,
acceptive.shopping,available,60,1%,9,"Education,Healthcare",,,
thou.shopping,available,60,7%,4,Mathematics,,,
clxxv.shopping,available,60,1%,5,Mathematics,,,
clxxx.shopping,available,60,1%,5,Mathematics,,,
tertiary.shopping,available,60,4%,8,Education,,,
cxlv.shopping,available,60,2%,4,Mathematics,,,
abashed.shopping,available,60,1%,7,Humanities,,,
sixty.shopping,available,60,13%,5,Mathematics,,,
clxv.shopping,available,60,1%,4,Mathematics,,,
clx.shopping,available,60,10%,3,Mathematics,,,
abstainer.shopping,available,60,0%,9,"Health and Fitness,Religion",,,
cxxv.shopping,available,60,1%,4,Mathematics,,,
cxxxv.shopping,available,60,2%,5,Mathematics,,,
eightysix.shopping,available,60,7%,10,Mathematics,,,
cxx.shopping,available,60,10%,3,Mathematics,,,
idolized.shopping,available,60,3%,8,"Entertainment,Fashion,Retail",,,
octet.shopping,available,60,12%,5,Arts,,,
xcl.shopping,available,60,5%,3,Mathematics,,,
cautionary.shopping,available,60,1%,10,"Business,Education,Healthcare",,,
idolised.shopping,available,60,1%,8,"Entertainment,Fashion,Retail",,,
cxv.shopping,available,60,4%,3,Mathematics,,,
paunchy.shopping,available,60,0%,7,"Health and Fitness,Medicine",,,
abstemious.shopping,available,60,0%,10,"Food and Beverage,Health and Fitness,Hospitality",,,
adnexal.shopping,available,60,1%,7,"Agriculture,Manufacturing,Retail",,,
cxl.shopping,available,60,7%,3,Mathematics,,,
adnate.shopping,available,60,1%,6,"Agriculture,Manufacturing,Retail",,,
aboveboard.shopping,available,60,5%,10,"Business,Law",,,
clxx.shopping,available,60,3%,4,Mathematics,,,
tercet.shopping,available,59,2%,6,"Arts,Entertainment,Media",,,
aucourant.shopping,available,58,3%,10,"Fashion,Media",,,
seventy.shopping,available,58,7%,7,Mathematics,,,
offhanded.shopping,available,58,1%,9,Entertainment,,,
twelfth.shopping,available,58,2%,7,Mathematics,,,
adient.shopping,available,58,4%,6,"Medicine,Science",,,
hexad.shopping,available,58,4%,5,Mathematics,,,
closeto.shopping,available,58,3%,8,"Business,Media,Technology",,,
abridged.shopping,available,58,4%,8,Media,,,
acetic.shopping,available,58,1%,6,"Food and Beverage,Science",,,
linear.shopping,available,58,22%,6,"Engineering,Mathematics,Science",,,
accented.shopping,available,58,3%,8,"Arts,Entertainment",,,
ache.shopping,available,58,7%,4,Healthcare,,,
cypher.shopping,available,58,29%,6,Mathematics,,,
alacarte.shopping,available,58,11%,10,Food and Beverage,,,
abuzz.shopping,available,58,5%,5,"Entertainment,Media,Technology",,,
eighter.shopping,available,58,2%,7,Mathematics,,,
fourth.shopping,available,58,13%,6,Mathematics,,,
acyclic.shopping,available,58,4%,7,"Engineering,Mathematics,Science",,,
justabout.shopping,available,58,3%,10,"Business,Media,Technology",,,
quintet.shopping,available,58,8%,7,"Arts,Entertainment",,,
fourscore.shopping,available,58,4%,9,Mathematics,,,
enwrapped.shopping,available,58,0%,9,"Entertainment,Fashion,Media",,,
sextuplet.shopping,available,58,1%,9,Healthcare,,,
niner.shopping,available,58,5%,5,Mathematics,,,
sixtyone.shopping,available,58,3%,9,Mathematics,,,
seven.shopping,available,58,36%,5,Mathematics,,,
adjustive.shopping,available,58,1%,9,"Manufacturing,Retail,Technology",,,
accretive.shopping,available,58,6%,9,"Banking,Finance,Insurance",,,
heptad.shopping,available,58,1%,6,Mathematics,,,
abused.shopping,available,58,5%,6,"Healthcare,Law",,,
octad.shopping,available,58,5%,5,Mathematics,,,
tetrad.shopping,available,58,5%,6,Mathematics,,,
accoutred.shopping,available,58,1%,9,"Fashion,Manufacturing,Retail",,,
lxxviii.shopping,available,58,1%,7,Mathematics,,,
centesimal.shopping,available,58,1%,10,Mathematics,,,
fifth.shopping,available,58,12%,5,Mathematics,,,
lxxx.shopping,available,58,2%,4,Mathematics,,,
addressed.shopping,available,58,3%,9,"Business,Technology,Telecommunications",,,
abandoned.shopping,available,58,10%,9,"Construction,Real Estate",,,
sixer.shopping,available,58,5%,5,Sports,,,
actuarial.shopping,available,58,8%,9,"Finance,Insurance,Mathematics",,,
pentad.shopping,available,58,2%,6,Mathematics,,,
adhoc.shopping,available,58,24%,6,"Business,Engineering,Technology",,,
addible.shopping,available,58,2%,7,"Engineering,Mathematics,Science",,,
xlviii.shopping,available,56,1%,6,Mathematics,,,
xxxv.shopping,available,56,4%,4,Mathematics,,,
xlvii.shopping,available,56,2%,5,Mathematics,,,
admittable.shopping,available,56,1%,10,"Education,Healthcare,Hospitality",,,
fiftysix.shopping,available,56,4%,9,Mathematics,,,
maledict.shopping,available,56,1%,8,Religion,,,
xxxiii.shopping,available,56,2%,6,Mathematics,,,
xxxii.shopping,available,56,1%,5,Mathematics,,,
fortysix.shopping,available,56,3%,9,Mathematics,,,
xxxvi.shopping,available,56,1%,5,Mathematics,,,
xxviii.shopping,available,56,1%,6,Mathematics,,,
lvii.shopping,available,56,1%,4,Mathematics,,,
admissive.shopping,available,56,1%,9,"Education,Healthcare,Hospitality",,,
fortytwo.shopping,available,56,17%,9,Mathematics,,,
thirtytwo.shopping,available,56,5%,10,Mathematics,,,
xxxiv.shopping,available,56,1%,5,Mathematics,,,
fiftyfive.shopping,available,56,7%,10,Mathematics,,,
xxxviii.shopping,available,56,1%,7,Mathematics,,,
xxvii.shopping,available,56,3%,5,Mathematics,,,
xxxi.shopping,available,56,9%,4,Mathematics,,,
xxiv.shopping,available,56,5%,4,Mathematics,,,
accoutered.shopping,available,56,0%,10,"Fashion,Manufacturing,Retail",,,
xlvi.shopping,available,56,3%,4,Mathematics,,,
addled.shopping,available,56,2%,6,Entertainment,,,
fiftyfour.shopping,available,56,3%,10,Mathematics,,,
terzetto.shopping,available,56,3%,8,Arts,,,
xxiii.shopping,available,56,5%,5,Mathematics,,,
xli.shopping,available,56,5%,3,Mathematics,,,
appressed.shopping,available,56,0%,9,"Agriculture,Manufacturing,Retail",,,
ilx.shopping,available,56,5%,3,Mathematics,,,
xliii.shopping,available,56,1%,5,Mathematics,,,
abeyant.shopping,available,56,1%,7,"Business,Law",,,
fiftyone.shopping,available,56,7%,9,Mathematics,,,
admittible.shopping,available,56,1%,10,"Education,Healthcare,Hospitality",,,
fortyone.shopping,available,56,4%,9,Mathematics,,,
potbellied.shopping,available,56,0%,10,"Health and Fitness,Medicine",,,
lii.shopping,available,56,7%,3,Mathematics,,,
xxix.shopping,available,56,4%,4,Mathematics,,,
triad.shopping,available,56,15%,5,Arts,,,
abdominous.shopping,available,56,0%,10,"Health and Fitness,Medicine",,,
xliv.shopping,available,56,2%,4,Mathematics,,,
xlv.shopping,available,56,6%,3,Mathematics,,,
fiftynine.shopping,available,56,4%,10,Mathematics,,,
fiftytwo.shopping,available,56,6%,9,Mathematics,,,
xxxvii.shopping,available,56,2%,6,Mathematics,,,
liii.shopping,available,56,4%,4,Mathematics,,,
xlii.shopping,available,56,5%,4,Mathematics,,,
halfdozen.shopping,available,56,1%,10,Mathematics,,,
lviii.shopping,available,56,1%,5,Mathematics,,,
lvi.shopping,available,56,8%,3,Mathematics,,,
thirtysix.shopping,available,56,5%,10,Mathematics,,,
fortynine.shopping,available,56,3%,10,Mathematics,,,
fortyfive.shopping,available,54,4%,10,Mathematics,,,
viii.shopping,available,54,6%,4,Mathematics,,,
twoscore.shopping,available,54,2%,8,Mathematics,,,
abaxial.shopping,available,54,1%,7,Science,,,
quaternity.shopping,available,54,4%,10,Mathematics,,,
topnotch.shopping,available,54,18%,8,Business,,,
admonitory.shopping,available,54,0%,10,"Business,Education,Healthcare",,,
abducens.shopping,available,54,1%,8,Medicine,,,
aboral.shopping,available,54,2%,6,Science,,,
abient.shopping,available,54,1%,6,Science,,,
iii.shopping,available,54,24%,3,Mathematics,,,
ternion.shopping,available,54,3%,7,Mathematics,,,
quaternion.shopping,available,54,6%,10,Mathematics,,,
quatern.shopping,available,54,2%,7,Mathematics,,,
quintuplet.shopping,available,54,1%,10,"Healthcare,Medicine,Science",,,
scratchy.shopping,available,54,3%,8,Fashion,,,
fin.shopping,resell,54,30%,3,Finance,28/04/2023 15:15,28/04/2026 15:15,"Xiamen ChinaSource Internet Service Co., Ltd"
accentual.shopping,available,54,3%,9,"Arts,Entertainment",,,
vii.shopping,available,54,13%,3,Mathematics,,,
achromatic.shopping,available,54,4%,10,Science,,,
unnatural.shopping,available,54,4%,9,"Medicine,Science",,,
abatable.shopping,available,54,1%,8,Law,,,
adjuratory.shopping,available,54,0%,10,"Law,Politics,Religion",,,
abatic.shopping,available,54,1%,6,Science,,,
adducting.shopping,available,54,1%,9,"Engineering,Mathematics,Science",,,
adducent.shopping,available,54,1%,8,"Engineering,Mathematics,Science",,,
sise.shopping,available,54,5%,4,Mathematics,,,
adaxial.shopping,available,54,2%,7,Science,,,
adpressed.shopping,available,54,0%,9,"Agriculture,Manufacturing,Retail",,,
abasic.shopping,available,54,1%,6,Science,,,
accursed.shopping,available,54,3%,8,"Entertainment,Media,Religion",,,
acoustical.shopping,available,54,4%,10,Science,,,
abhorrent.shopping,available,54,1%,9,Humanities,,,
deserted.shopping,available,54,3%,8,"Hospitality,Real Estate",,,
threescore.shopping,available,54,1%,10,Mathematics,,,
adductive.shopping,available,54,0%,9,"Engineering,Mathematics,Science",,,
actuated.shopping,available,54,2%,8,"Automotive,Manufacturing,Technology",,,
deuceace.shopping,available,54,2%,9,Sports,,,
monitory.shopping,available,54,3%,8,"Business,Education,Healthcare",,,
achy.shopping,available,54,3%,4,Healthcare,,,
quadruplet.shopping,available,54,1%,10,"Healthcare,Medicine,Science",,,
septet.shopping,available,53,1%,6,General,,,
sestet.shopping,available,53,1%,6,Arts,,,
lxxxii.shopping,available,52,1%,6,Mathematics,,,
abominable.shopping,available,52,2%,10,"Entertainment,Humanities",,,
lxxxvi.shopping,available,52,1%,6,Mathematics,,,
tierce.shopping,available,52,3%,6,General,,,
sixtyfive.shopping,available,52,3%,10,Mathematics,,,
ixc.shopping,available,52,5%,3,Mathematics,,,
abstruse.shopping,available,52,5%,8,"Humanities,Mathematics,Science",,,
xcv.shopping,available,52,7%,3,Mathematics,,,
lxxii.shopping,available,52,1%,5,Mathematics,,,
xciv.shopping,available,52,2%,4,Mathematics,,,
xci.shopping,available,52,4%,3,Mathematics,,,
ninetyone.shopping,available,52,5%,10,Mathematics,,,
lxiv.shopping,available,52,3%,4,Mathematics,,,
littlejoe.shopping,available,52,2%,10,"Entertainment,Media",,,
lxxvi.shopping,available,52,1%,5,Mathematics,,,
lxxxiv.shopping,available,52,1%,6,Mathematics,,,
lxiii.shopping,available,52,2%,5,Mathematics,,,
xcvii.shopping,available,52,1%,5,Mathematics,,,
aboulic.shopping,available,52,1%,7,Medicine,,,
eightyone.shopping,available,52,3%,10,Mathematics,,,
lxxiii.shopping,available,52,1%,6,Mathematics,,,
xcvi.shopping,available,52,2%,4,Mathematics,,,
lxv.shopping,available,52,5%,3,Mathematics,,,
uphill.shopping,available,52,7%,6,"Sports,Transportation,Travel",,,
lxxi.shopping,available,52,1%,4,Mathematics,,,
lxxiv.shopping,available,52,1%,5,Mathematics,,,
lxviii.shopping,available,52,1%,6,Mathematics,,,
ninetytwo.shopping,available,52,4%,10,Mathematics,,,
lxxvii.shopping,available,52,2%,6,Mathematics,,,
adenoidal.shopping,available,52,1%,9,"Health and Fitness,Medicine,Science",,,
sixtytwo.shopping,available,52,3%,9,Mathematics,,,
sixtyfour.shopping,available,52,3%,10,Mathematics,,,
xciii.shopping,available,52,1%,5,Mathematics,,,
detestable.shopping,available,52,1%,10,Humanities,,,
abysmal.shopping,available,52,4%,7,"Arts,Entertainment,Media",,,
decumbent.shopping,available,52,1%,9,"Healthcare,Medicine,Science",,,
lxxxvii.shopping,available,52,1%,7,Mathematics,,,
repulsive.shopping,available,52,1%,9,Humanities,,,
lxvii.shopping,available,52,1%,5,Mathematics,,,
lxxxv.shopping,available,52,1%,5,Mathematics,,,
ixl.shopping,available,52,9%,3,Mathematics,,,
abusive.shopping,available,52,3%,7,"Healthcare,Law",,,
lxxv.shopping,available,52,1%,4,Mathematics,,,
odious.shopping,available,52,2%,6,"Entertainment,Humanities",,,
xcviii.shopping,available,52,1%,6,Mathematics,,,
lxxxi.shopping,available,52,1%,5,Mathematics,,,
lxii.shopping,available,52,1%,4,Mathematics,,,
lxvi.shopping,available,52,3%,4,Mathematics,,,
sixtysix.shopping,available,52,4%,9,Mathematics,,,
ninetysix.shopping,available,52,4%,10,Mathematics,,,
repugnant.shopping,available,52,1%,9,Humanities,,,
chagrined.shopping,available,52,1%,9,Humanities,,,
lxxxiii.shopping,available,52,1%,7,Mathematics,,,
eightytwo.shopping,available,52,4%,10,Mathematics,,,
ablated.shopping,available,52,1%,7,Science,,,
lxi.shopping,available,52,5%,3,Mathematics,,,
xcii.shopping,available,52,2%,4,Mathematics,,,
acetous.shopping,available,50,1%,7,Science,,,
gillless.shopping,available,50,0%,9,Science,,,
abbatial.shopping,available,50,0%,8,Religion,,,
adhominem.shopping,available,50,2%,10,"Humanities,Law,Politics",,,
vinegary.shopping,available,50,1%,8,Food and Beverage,,,
abdicable.shopping,available,50,0%,9,Law,,,
acaudal.shopping,available,50,1%,7,"Agriculture,Science",,,
abducting.shopping,available,50,0%,9,Medicine,,,
triplet.shopping,available,50,8%,7,Science,,,
scummy.shopping,available,50,1%,6,Humanities,,,
cinque.shopping,available,50,7%,6,Mathematics,,,
spinous.shopping,available,50,1%,7,"Agriculture,Science",,,
acapnic.shopping,available,50,0%,7,"Healthcare,Medicine,Science",,,
aborticide.shopping,available,50,0%,10,Medicine,,,
acerb.shopping,available,50,2%,5,Science,,,
ogdoad.shopping,available,50,1%,6,Mathematics,,,
acapnotic.shopping,available,50,0%,9,"Healthcare,Medicine,Science",,,
acetose.shopping,available,50,1%,7,Science,,,
adactylous.shopping,available,50,0%,10,Science,,,
abranchial.shopping,available,50,0%,10,Science,,,
aculeated.shopping,available,50,0%,9,"Engineering,Medicine,Science",,,
quint.shopping,available,50,13%,5,"Arts,Entertainment",,,
trine.shopping,available,50,11%,5,"General,Religion",,,
needlelike.shopping,available,50,0%,10,"Engineering,Medicine,Science",,,
lxx.shopping,available,50,5%,3,Mathematics,,,
abactinal.shopping,available,50,0%,9,Science,,,
acerbic.shopping,available,50,2%,7,"Arts,Humanities,Media",,,
abomasal.shopping,available,50,0%,8,Agriculture,,,
broached.shopping,available,50,0%,8,Food and Beverage,,,
acquitted.shopping,available,50,1%,9,Law,,,
acellular.shopping,available,50,1%,9,Science,,,
acerose.shopping,available,50,1%,7,Science,,,
ilxxx.shopping,available,48,1%,5,Mathematics,,,
lxxxviii.shopping,available,48,1%,8,Mathematics,,,
apriori.shopping,available,48,13%,8,Mathematics,,,
ilxx.shopping,available,48,1%,4,Mathematics,,,
execrable.shopping,available,48,0%,9,"Entertainment,Humanities",,,
abstracted.shopping,available,48,5%,10,"Arts,Humanities,Science",,,
notguilty.shopping,available,48,5%,10,Law,,,
abyssal.shopping,available,48,12%,7,"Arts,Entertainment,Media",,,
acarpelous.shopping,available,46,0%,10,"Agriculture,Science",,,
quaternary.shopping,available,46,3%,10,Mathematics,,,
acaudate.shopping,available,46,1%,8,"Agriculture,Science",,,
acanthotic.shopping,available,46,0%,10,"Agriculture,Science",,,
acetabular.shopping,available,46,1%,10,Science,,,
acarpous.shopping,available,46,0%,8,"Agriculture,Science",,,
acephalous.shopping,available,46,1%,10,Science,,,
stripling.shopping,available,46,2%,9,"Education,Entertainment,Healthcare",,,
acetylic.shopping,available,46,1%,8,Science,,,
acapnial.shopping,available,46,0%,8,"Healthcare,Medicine,Science",,,
acetylenic.shopping,available,46,1%,10,Science,,,
acheronian.shopping,available,46,1%,10,Humanities,,,
vinegarish.shopping,available,46,1%,10,Food and Beverage,,,
acetonic.shopping,available,46,1%,8,Science,,,
stemless.shopping,available,46,2%,8,"Agriculture,Science",,,
acicular.shopping,available,46,2%,8,Science,,,
acanthoid.shopping,available,46,1%,9,"Agriculture,Science",,,
achromous.shopping,available,46,1%,9,Science,,,
cotyloid.shopping,available,46,1%,8,Science,,,
achromic.shopping,available,46,2%,8,Science,,,
achenial.shopping,available,46,1%,8,Science,,,
theabsurd.shopping,available,46,1%,10,"Arts,Entertainment,Media",,,
acanthous.shopping,available,46,0%,9,"Agriculture,Science",,,
acherontic.shopping,available,44,1%,10,Humanities,,,
cotyloidal.shopping,available,44,1%,10,Science,,,
accusatory.shopping,available,44,1%,10,Law,,,
phoebe.shopping,available,41,14%,6,Science,,,
abscessed.shopping,available,41,0%,9,Healthcare,,,
scurrilous.shopping,available,40,1%,10,"Entertainment,Media,Politics",,,
accurst.shopping,available,40,1%,7,Religion,,,
accusive.shopping,available,40,1%,8,Law,,,